Orgunit name,MOH 731   Discordant HV01-28,MOH 731   Linked_Total HV01-35,MOH 731   Negative_Total HV01-27,MOH 731   Positive_Total   (Sum  HV01-18 to  HV01-25) HV01-26,MOH 731  Tested_Couples HV01-15,MOH 731  Tested_New HV01-13,MOH 731  Total       HV01-50,Month,Total_tested,Infection_rate
Baringo County,0.0,41.0,0.0,46.0,0.0,0.0,0.0,1,46.0,1.0
Bomet County,9.0,0.0,5571.0,120.0,0.0,0.0,66.0,1,5691.0,0.021085925144965736
Bungoma County,6.0,257.0,4877.0,0.0,0.0,2739.0,213.0,1,4877.0,0.0
Busia County,9.0,0.0,0.0,202.0,151.0,1544.0,186.0,1,202.0,1.0
Elgeyo Marakwet County,2.0,0.0,1193.0,0.0,0.0,0.0,20.0,1,1193.0,0.0
Embu County,1.0,0.0,0.0,51.0,126.0,0.0,51.0,1,51.0,1.0
Garissa County,2.0,0.0,1610.0,0.0,0.0,1087.0,0.0,1,1610.0,0.0
Homa Bay County,33.0,0.0,16825.0,0.0,854.0,0.0,0.0,1,16825.0,0.0
Isiolo County,0.0,0.0,0.0,24.0,41.0,0.0,95.0,1,24.0,1.0
Kajiado County,6.0,115.0,0.0,0.0,0.0,0.0,0.0,1,0.0,0.0
Kakamega County,16.0,0.0,0.0,0.0,240.0,0.0,271.0,1,0.0,0.0
Kericho County,2.0,107.0,1855.0,0.0,153.0,1141.0,93.0,1,1855.0,0.0
Kiambu County,20.0,374.0,19350.0,375.0,1216.0,7726.0,0.0,1,19725.0,0.019011406844106463
Kilifi County,0.0,267.0,0.0,229.0,477.0,3281.0,0.0,1,229.0,1.0
Kirinyaga County,4.0,65.0,4824.0,74.0,203.0,2618.0,0.0,1,4898.0,0.015108207431604737
Kisii County,0.0,0.0,7638.0,0.0,0.0,3058.0,461.0,1,7638.0,0.0
Kisumu County,33.0,740.0,16060.0,0.0,629.0,2948.0,428.0,1,16060.0,0.0
Kitui County,37.0,168.0,0.0,182.0,207.0,0.0,0.0,1,182.0,1.0
Kwale County,0.0,48.0,0.0,0.0,152.0,0.0,51.0,1,0.0,0.0
Laikipia County,9.0,0.0,0.0,0.0,0.0,0.0,313.0,1,0.0,0.0
Lamu County,0.0,0.0,0.0,7.0,0.0,0.0,39.0,1,7.0,1.0
Machakos County,22.0,0.0,10931.0,273.0,335.0,4231.0,75.0,1,11204.0,0.024366297750803286
Mandera County,0.0,4.0,0.0,2.0,0.0,374.0,16.0,1,2.0,1.0
Marsabit County,1.0,0.0,0.0,16.0,0.0,0.0,0.0,1,16.0,1.0
Meru County,0.0,248.0,7200.0,0.0,409.0,3310.0,270.0,1,7200.0,0.0
Migori County,18.0,536.0,16004.0,563.0,0.0,6959.0,216.0,1,16567.0,0.033983219653528095
Mombasa County,13.0,0.0,12155.0,412.0,0.0,0.0,0.0,1,12567.0,0.03278427627914379
Muranga County,5.0,105.0,0.0,169.0,417.0,0.0,276.0,1,169.0,1.0
Nairobi County,0.0,0.0,43095.0,0.0,2646.0,17593.0,0.0,1,43095.0,0.0
Nakuru County,30.0,0.0,0.0,0.0,0.0,0.0,2399.0,1,0.0,0.0
Narok County,6.0,0.0,0.0,0.0,0.0,0.0,0.0,1,0.0,0.0
Nyamira County,0.0,0.0,0.0,158.0,310.0,0.0,0.0,1,158.0,1.0
Nyandarua County,3.0,0.0,0.0,0.0,0.0,0.0,0.0,1,0.0,0.0
Nyeri County,0.0,462.0,0.0,105.0,414.0,2030.0,63.0,1,105.0,1.0
Samburu County,4.0,0.0,0.0,33.0,59.0,0.0,791.0,1,33.0,1.0
Siaya County,0.0,0.0,14223.0,822.0,0.0,2535.0,952.0,1,15045.0,0.054636091724825524
Taita Taveta County,4.0,0.0,0.0,0.0,0.0,0.0,0.0,1,0.0,0.0
Tana River County,0.0,0.0,1224.0,0.0,0.0,0.0,55.0,1,1224.0,0.0
Tharaka Nithi County,4.0,0.0,3161.0,0.0,0.0,1463.0,0.0,1,3161.0,0.0
Trans Nzoia County,9.0,0.0,3100.0,0.0,151.0,0.0,0.0,1,3100.0,0.0
Turkana County,13.0,116.0,12765.0,170.0,0.0,5817.0,700.0,1,12935.0,0.013142636258214147
Uasin Gishu County,6.0,0.0,7350.0,297.0,0.0,2335.0,0.0,1,7647.0,0.03883876029815614
Vihiga County,4.0,0.0,3637.0,126.0,160.0,1762.0,0.0,1,3763.0,0.03348392240233856
Wajir County,0.0,1.0,624.0,0.0,9.0,477.0,0.0,1,624.0,0.0
West Pokot County,4.0,80.0,0.0,0.0,0.0,0.0,231.0,1,0.0,0.0
Baringo County,6.0,49.0,0.0,58.0,0.0,0.0,0.0,2,58.0,1.0
Bomet County,4.0,0.0,6247.0,134.0,0.0,0.0,122.0,2,6381.0,0.020999843284751605
Bungoma County,15.0,270.0,5790.0,0.0,0.0,2948.0,179.0,2,5790.0,0.0
Busia County,20.0,0.0,0.0,197.0,173.0,1620.0,256.0,2,197.0,1.0
Elgeyo Marakwet County,6.0,0.0,1615.0,0.0,0.0,0.0,63.0,2,1615.0,0.0
Embu County,2.0,0.0,0.0,72.0,169.0,0.0,84.0,2,72.0,1.0
Garissa County,2.0,0.0,2005.0,0.0,0.0,1222.0,0.0,2,2005.0,0.0
Homa Bay County,45.0,0.0,22485.0,0.0,923.0,0.0,0.0,2,22485.0,0.0
Isiolo County,0.0,0.0,0.0,30.0,49.0,0.0,47.0,2,30.0,1.0
Kajiado County,11.0,143.0,0.0,0.0,0.0,0.0,0.0,2,0.0,0.0
Kakamega County,19.0,0.0,0.0,0.0,304.0,0.0,185.0,2,0.0,0.0
Kericho County,5.0,143.0,3988.0,0.0,198.0,2422.0,130.0,2,3988.0,0.0
Kiambu County,19.0,371.0,20546.0,431.0,1338.0,8752.0,0.0,2,20977.0,0.020546312628116507
Kilifi County,0.0,230.0,0.0,244.0,513.0,4567.0,0.0,2,244.0,1.0
Kirinyaga County,8.0,64.0,4288.0,80.0,248.0,2498.0,0.0,2,4368.0,0.018315018315018316
Kisii County,0.0,0.0,11493.0,0.0,0.0,5544.0,353.0,2,11493.0,0.0
Kisumu County,29.0,749.0,17217.0,0.0,698.0,3498.0,515.0,2,17217.0,0.0
Kitui County,12.0,193.0,0.0,244.0,255.0,0.0,0.0,2,244.0,1.0
Kwale County,6.0,98.0,0.0,0.0,714.0,0.0,6.0,2,0.0,0.0
Laikipia County,18.0,0.0,0.0,0.0,0.0,0.0,777.0,2,0.0,0.0
Lamu County,0.0,0.0,0.0,11.0,0.0,0.0,50.0,2,11.0,1.0
Machakos County,31.0,0.0,11280.0,282.0,349.0,4460.0,35.0,2,11562.0,0.024390243902439025
Mandera County,0.0,10.0,0.0,2.0,0.0,377.0,13.0,2,2.0,1.0
Marsabit County,0.0,0.0,0.0,13.0,0.0,0.0,56.0,2,13.0,1.0
Meru County,0.0,183.0,8578.0,0.0,459.0,4452.0,645.0,2,8578.0,0.0
Migori County,30.0,605.0,18702.0,602.0,0.0,7846.0,193.0,2,19304.0,0.03118524658101948
Mombasa County,19.0,0.0,13840.0,482.0,0.0,0.0,0.0,2,14322.0,0.03365451752548527
Muranga County,15.0,110.0,0.0,129.0,410.0,0.0,317.0,2,129.0,1.0
Nairobi County,0.0,0.0,49140.0,0.0,2460.0,20760.0,0.0,2,49140.0,0.0
Nakuru County,33.0,0.0,0.0,0.0,0.0,0.0,3319.0,2,0.0,0.0
Narok County,11.0,0.0,0.0,0.0,0.0,0.0,0.0,2,0.0,0.0
Nyamira County,0.0,0.0,0.0,192.0,443.0,0.0,0.0,2,192.0,1.0
Nyandarua County,8.0,0.0,0.0,0.0,0.0,0.0,0.0,2,0.0,0.0
Nyeri County,0.0,94.0,0.0,105.0,356.0,1824.0,110.0,2,105.0,1.0
Samburu County,15.0,0.0,0.0,44.0,78.0,0.0,760.0,2,44.0,1.0
Siaya County,0.0,0.0,19402.0,790.0,0.0,3853.0,806.0,2,20192.0,0.03912440570522979
Taita Taveta County,4.0,0.0,0.0,0.0,0.0,0.0,0.0,2,0.0,0.0
Tana River County,0.0,0.0,1446.0,0.0,0.0,0.0,42.0,2,1446.0,0.0
Tharaka Nithi County,4.0,0.0,3379.0,0.0,0.0,1398.0,0.0,2,3379.0,0.0
Trans Nzoia County,10.0,0.0,3460.0,0.0,188.0,0.0,0.0,2,3460.0,0.0
Turkana County,2.0,132.0,12042.0,148.0,0.0,5899.0,420.0,2,12190.0,0.01214109926168991
Uasin Gishu County,30.0,0.0,8445.0,318.0,0.0,2715.0,0.0,2,8763.0,0.03628894214310168
Vihiga County,10.0,0.0,3514.0,130.0,137.0,1515.0,0.0,2,3644.0,0.03567508232711306
Wajir County,0.0,1.0,1312.0,0.0,20.0,893.0,5.0,2,1312.0,0.0
West Pokot County,1.0,77.0,0.0,0.0,0.0,0.0,648.0,2,0.0,0.0
Baringo County,17.0,34.0,0.0,81.0,0.0,0.0,0.0,3,81.0,1.0
Bomet County,1.0,0.0,7484.0,148.0,0.0,0.0,1743.0,3,7632.0,0.01939203354297694
Bungoma County,25.0,225.0,6556.0,0.0,0.0,3297.0,423.0,3,6556.0,0.0
Busia County,19.0,0.0,0.0,303.0,262.0,2898.0,502.0,3,303.0,1.0
Elgeyo Marakwet County,9.0,0.0,2095.0,0.0,0.0,0.0,40.0,3,2095.0,0.0
Embu County,30.0,0.0,0.0,125.0,220.0,0.0,71.0,3,125.0,1.0
Garissa County,0.0,0.0,1631.0,0.0,0.0,1018.0,0.0,3,1631.0,0.0
Homa Bay County,66.0,0.0,29004.0,0.0,1025.0,0.0,0.0,3,29004.0,0.0
Isiolo County,1.0,0.0,0.0,18.0,44.0,0.0,96.0,3,18.0,1.0
Kajiado County,21.0,164.0,0.0,0.0,0.0,0.0,0.0,3,0.0,0.0
Kakamega County,31.0,0.0,0.0,0.0,457.0,0.0,213.0,3,0.0,0.0
Kericho County,9.0,98.0,4930.0,0.0,295.0,2885.0,112.0,3,4930.0,0.0
Kiambu County,23.0,313.0,23684.0,435.0,1265.0,9848.0,0.0,3,24119.0,0.01803557361416311
Kilifi County,0.0,199.0,0.0,286.0,577.0,6317.0,0.0,3,286.0,1.0
Kirinyaga County,3.0,73.0,9971.0,122.0,419.0,5259.0,0.0,3,10093.0,0.012087585455266026
Kisii County,0.0,0.0,14371.0,0.0,0.0,6364.0,478.0,3,14371.0,0.0
Kisumu County,38.0,731.0,23712.0,0.0,835.0,5303.0,431.0,3,23712.0,0.0
Kitui County,14.0,140.0,0.0,255.0,293.0,0.0,0.0,3,255.0,1.0
Kwale County,4.0,71.0,0.0,0.0,777.0,0.0,0.0,3,0.0,0.0
Laikipia County,11.0,0.0,0.0,0.0,0.0,0.0,343.0,3,0.0,0.0
Lamu County,2.0,0.0,0.0,22.0,0.0,0.0,85.0,3,22.0,1.0
Machakos County,20.0,0.0,13724.0,319.0,375.0,5631.0,146.0,3,14043.0,0.02271594388663391
Mandera County,0.0,0.0,0.0,3.0,0.0,296.0,11.0,3,3.0,1.0
Marsabit County,1.0,0.0,0.0,9.0,0.0,0.0,0.0,3,9.0,1.0
Meru County,0.0,253.0,8788.0,0.0,391.0,4619.0,413.0,3,8788.0,0.0
Migori County,36.0,454.0,26534.0,789.0,0.0,9416.0,1223.0,3,27323.0,0.028876770486403396
Mombasa County,43.0,0.0,21102.0,494.0,0.0,0.0,0.0,3,21596.0,0.022874606408594185
Muranga County,5.0,111.0,0.0,135.0,511.0,0.0,360.0,3,135.0,1.0
Nairobi County,0.0,0.0,61309.0,0.0,3068.0,26722.0,0.0,3,61309.0,0.0
Nakuru County,50.0,0.0,0.0,0.0,0.0,0.0,2367.0,3,0.0,0.0
Narok County,4.0,0.0,0.0,0.0,0.0,0.0,0.0,3,0.0,0.0
Nyamira County,0.0,0.0,0.0,209.0,357.0,0.0,0.0,3,209.0,1.0
Nyandarua County,7.0,0.0,0.0,0.0,0.0,0.0,0.0,3,0.0,0.0
Nyeri County,0.0,119.0,0.0,128.0,611.0,3375.0,159.0,3,128.0,1.0
Samburu County,8.0,0.0,0.0,43.0,59.0,0.0,578.0,3,43.0,1.0
Siaya County,0.0,0.0,26817.0,971.0,0.0,5298.0,625.0,3,27788.0,0.034943140924139915
Taita Taveta County,4.0,0.0,0.0,0.0,0.0,0.0,0.0,3,0.0,0.0
Tana River County,1.0,0.0,1477.0,0.0,0.0,0.0,42.0,3,1477.0,0.0
Tharaka Nithi County,0.0,0.0,3578.0,0.0,0.0,1485.0,0.0,3,3578.0,0.0
Trans Nzoia County,15.0,0.0,4863.0,0.0,295.0,0.0,0.0,3,4863.0,0.0
Turkana County,12.0,160.0,13806.0,157.0,0.0,5952.0,447.0,3,13963.0,0.01124400200529972
Uasin Gishu County,11.0,0.0,9445.0,360.0,0.0,3100.0,0.0,3,9805.0,0.03671596124426313
Vihiga County,11.0,0.0,5149.0,176.0,209.0,2033.0,0.0,3,5325.0,0.03305164319248826
Wajir County,0.0,0.0,890.0,0.0,12.0,603.0,0.0,3,890.0,0.0
West Pokot County,0.0,103.0,0.0,0.0,0.0,0.0,192.0,3,0.0,0.0
Baringo County,5.0,47.0,0.0,50.0,0.0,0.0,0.0,4,50.0,1.0
Bomet County,3.0,0.0,3716.0,101.0,0.0,0.0,346.0,4,3817.0,0.026460571129159026
Bungoma County,17.0,260.0,6529.0,0.0,0.0,3112.0,143.0,4,6529.0,0.0
Busia County,11.0,0.0,0.0,213.0,212.0,2332.0,444.0,4,213.0,1.0
Elgeyo Marakwet County,2.0,0.0,1538.0,0.0,0.0,0.0,59.0,4,1538.0,0.0
Embu County,4.0,0.0,0.0,65.0,219.0,0.0,58.0,4,65.0,1.0
Garissa County,1.0,0.0,1324.0,0.0,0.0,990.0,0.0,4,1324.0,0.0
Homa Bay County,24.0,0.0,18845.0,0.0,798.0,0.0,0.0,4,18845.0,0.0
Isiolo County,1.0,0.0,0.0,19.0,64.0,0.0,27.0,4,19.0,1.0
Kajiado County,10.0,159.0,0.0,0.0,0.0,0.0,0.0,4,0.0,0.0
Kakamega County,17.0,0.0,0.0,0.0,260.0,0.0,334.0,4,0.0,0.0
Kericho County,12.0,121.0,3545.0,0.0,259.0,1879.0,130.0,4,3545.0,0.0
Kiambu County,21.0,376.0,18446.0,434.0,1539.0,7338.0,0.0,4,18880.0,0.02298728813559322
Kilifi County,0.0,206.0,0.0,206.0,563.0,4614.0,0.0,4,206.0,1.0
Kirinyaga County,7.0,60.0,7488.0,88.0,299.0,3967.0,0.0,4,7576.0,0.011615628299894404
Kisii County,0.0,0.0,10361.0,0.0,0.0,4220.0,193.0,4,10361.0,0.0
Kisumu County,56.0,797.0,20775.0,0.0,917.0,4842.0,603.0,4,20775.0,0.0
Kitui County,9.0,171.0,0.0,166.0,211.0,0.0,0.0,4,166.0,1.0
Kwale County,8.0,88.0,0.0,0.0,552.0,0.0,16.0,4,0.0,0.0
Laikipia County,5.0,0.0,0.0,0.0,0.0,0.0,120.0,4,0.0,0.0
Lamu County,0.0,0.0,0.0,17.0,0.0,0.0,0.0,4,17.0,1.0
Machakos County,24.0,0.0,9519.0,228.0,507.0,3925.0,78.0,4,9747.0,0.023391812865497075
Mandera County,0.0,3.0,0.0,2.0,0.0,561.0,10.0,4,2.0,1.0
Marsabit County,0.0,0.0,0.0,8.0,0.0,0.0,0.0,4,8.0,1.0
Meru County,0.0,232.0,5872.0,0.0,623.0,3388.0,275.0,4,5872.0,0.0
Migori County,126.0,543.0,21930.0,633.0,0.0,7352.0,405.0,4,22563.0,0.028054779949474803
Mombasa County,32.0,0.0,14634.0,369.0,0.0,0.0,0.0,4,15003.0,0.02459508098380324
Muranga County,7.0,128.0,0.0,110.0,408.0,0.0,241.0,4,110.0,1.0
Nairobi County,0.0,0.0,51361.0,0.0,2595.0,20160.0,0.0,4,51361.0,0.0
Nakuru County,21.0,0.0,0.0,0.0,0.0,0.0,468.0,4,0.0,0.0
Narok County,10.0,0.0,0.0,0.0,0.0,0.0,0.0,4,0.0,0.0
Nyamira County,0.0,0.0,0.0,143.0,248.0,0.0,0.0,4,143.0,1.0
Nyandarua County,4.0,0.0,0.0,0.0,0.0,0.0,0.0,4,0.0,0.0
Nyeri County,0.0,97.0,0.0,103.0,388.0,1589.0,101.0,4,103.0,1.0
Samburu County,3.0,0.0,0.0,26.0,40.0,0.0,70.0,4,26.0,1.0
Siaya County,0.0,0.0,17988.0,628.0,0.0,3085.0,489.0,4,18616.0,0.03373442200257843
Taita Taveta County,2.0,0.0,0.0,0.0,0.0,0.0,0.0,4,0.0,0.0
Tana River County,42.0,0.0,1195.0,0.0,0.0,0.0,50.0,4,1195.0,0.0
Tharaka Nithi County,4.0,0.0,2724.0,0.0,0.0,1159.0,0.0,4,2724.0,0.0
Trans Nzoia County,15.0,0.0,4471.0,0.0,201.0,0.0,0.0,4,4471.0,0.0
Turkana County,20.0,194.0,10701.0,143.0,0.0,4815.0,688.0,4,10844.0,0.01318701586130579
Uasin Gishu County,13.0,0.0,7559.0,268.0,0.0,2907.0,0.0,4,7827.0,0.034240449725309825
Vihiga County,5.0,0.0,4726.0,149.0,201.0,2292.0,0.0,4,4875.0,0.030564102564102563
Wajir County,0.0,0.0,910.0,0.0,8.0,677.0,0.0,4,910.0,0.0
West Pokot County,6.0,85.0,0.0,0.0,0.0,0.0,248.0,4,0.0,0.0
Baringo County,3.0,51.0,0.0,38.0,0.0,0.0,0.0,5,38.0,1.0
Bomet County,4.0,0.0,2020.0,73.0,0.0,0.0,128.0,5,2093.0,0.03487816531294792
Bungoma County,50.0,295.0,5890.0,0.0,0.0,3367.0,360.0,5,5890.0,0.0
Busia County,7.0,0.0,0.0,171.0,127.0,1655.0,510.0,5,171.0,1.0
Elgeyo Marakwet County,1.0,0.0,1391.0,0.0,0.0,0.0,18.0,5,1391.0,0.0
Embu County,3.0,0.0,0.0,59.0,116.0,0.0,28.0,5,59.0,1.0
Garissa County,1.0,0.0,2637.0,0.0,0.0,1840.0,0.0,5,2637.0,0.0
Homa Bay County,81.0,0.0,17773.0,0.0,770.0,0.0,0.0,5,17773.0,0.0
Isiolo County,1.0,0.0,0.0,12.0,30.0,0.0,13.0,5,12.0,1.0
Kajiado County,11.0,185.0,0.0,0.0,0.0,0.0,0.0,5,0.0,0.0
Kakamega County,15.0,0.0,0.0,0.0,196.0,0.0,164.0,5,0.0,0.0
Kericho County,4.0,156.0,2610.0,0.0,175.0,1493.0,118.0,5,2610.0,0.0
Kiambu County,25.0,430.0,15247.0,405.0,1255.0,6431.0,0.0,5,15652.0,0.02587528750319448
Kilifi County,0.0,247.0,0.0,220.0,498.0,4429.0,0.0,5,220.0,1.0
Kirinyaga County,10.0,62.0,6204.0,96.0,207.0,3183.0,0.0,5,6300.0,0.015238095238095238
Kisii County,0.0,0.0,8693.0,0.0,0.0,3550.0,311.0,5,8693.0,0.0
Kisumu County,25.0,878.0,18393.0,0.0,614.0,4489.0,343.0,5,18393.0,0.0
Kitui County,17.0,201.0,0.0,161.0,218.0,0.0,0.0,5,161.0,1.0
Kwale County,5.0,110.0,0.0,0.0,312.0,0.0,105.0,5,0.0,0.0
Laikipia County,9.0,0.0,0.0,0.0,0.0,0.0,58.0,5,0.0,0.0
Lamu County,0.0,0.0,0.0,12.0,0.0,0.0,0.0,5,12.0,1.0
Machakos County,13.0,0.0,7738.0,227.0,258.0,3068.0,99.0,5,7965.0,0.02849968612680477
Mandera County,0.0,2.0,0.0,4.0,0.0,470.0,3.0,5,4.0,1.0
Marsabit County,0.0,0.0,0.0,9.0,0.0,0.0,0.0,5,9.0,1.0
Meru County,0.0,342.0,4304.0,0.0,307.0,2688.0,163.0,5,4304.0,0.0
Migori County,30.0,633.0,22681.0,602.0,0.0,8429.0,186.0,5,23283.0,0.025855774599493193
Mombasa County,24.0,0.0,13241.0,356.0,0.0,0.0,0.0,5,13597.0,0.026182246083694932
Muranga County,12.0,111.0,0.0,97.0,361.0,0.0,101.0,5,97.0,1.0
Nairobi County,0.0,0.0,40743.0,0.0,2179.0,14940.0,0.0,5,40743.0,0.0
Nakuru County,12.0,0.0,0.0,0.0,0.0,0.0,636.0,5,0.0,0.0
Narok County,3.0,0.0,0.0,0.0,0.0,0.0,0.0,5,0.0,0.0
Nyamira County,0.0,0.0,0.0,175.0,196.0,0.0,0.0,5,175.0,1.0
Nyandarua County,3.0,0.0,0.0,0.0,0.0,0.0,0.0,5,0.0,0.0
Nyeri County,0.0,93.0,0.0,94.0,242.0,858.0,58.0,5,94.0,1.0
Samburu County,8.0,0.0,0.0,43.0,33.0,0.0,22.0,5,43.0,1.0
Siaya County,0.0,0.0,11854.0,532.0,0.0,2023.0,421.0,5,12386.0,0.04295171968351365
Taita Taveta County,4.0,0.0,0.0,0.0,0.0,0.0,0.0,5,0.0,0.0
Tana River County,0.0,0.0,1073.0,0.0,0.0,0.0,32.0,5,1073.0,0.0
Tharaka Nithi County,2.0,0.0,3199.0,0.0,0.0,1223.0,0.0,5,3199.0,0.0
Trans Nzoia County,7.0,0.0,3300.0,0.0,100.0,0.0,0.0,5,3300.0,0.0
Turkana County,10.0,185.0,10406.0,114.0,0.0,4488.0,565.0,5,10520.0,0.010836501901140685
Uasin Gishu County,6.0,0.0,8141.0,276.0,0.0,2478.0,0.0,5,8417.0,0.032790780563146014
Vihiga County,7.0,0.0,3945.0,125.0,206.0,1829.0,0.0,5,4070.0,0.030712530712530713
Wajir County,51.0,1.0,807.0,0.0,10.0,568.0,11.0,5,807.0,0.0
West Pokot County,2.0,56.0,0.0,0.0,0.0,0.0,128.0,5,0.0,0.0
Baringo County,1.0,59.0,0.0,22.0,0.0,0.0,0.0,6,22.0,1.0
Bomet County,3.0,0.0,650.0,34.0,0.0,0.0,91.0,6,684.0,0.049707602339181284
Bungoma County,24.0,326.0,7435.0,0.0,0.0,3811.0,145.0,6,7435.0,0.0
Busia County,5.0,0.0,0.0,129.0,40.0,570.0,264.0,6,129.0,1.0
Elgeyo Marakwet County,0.0,0.0,924.0,0.0,0.0,0.0,42.0,6,924.0,0.0
Embu County,3.0,0.0,0.0,47.0,103.0,0.0,69.0,6,47.0,1.0
Garissa County,1.0,0.0,1364.0,0.0,0.0,1060.0,0.0,6,1364.0,0.0
Homa Bay County,50.0,0.0,9061.0,0.0,388.0,0.0,0.0,6,9061.0,0.0
Isiolo County,2.0,0.0,0.0,15.0,21.0,0.0,0.0,6,15.0,1.0
Kajiado County,10.0,181.0,0.0,0.0,0.0,0.0,0.0,6,0.0,0.0
Kakamega County,87.0,0.0,0.0,0.0,370.0,0.0,111.0,6,0.0,0.0
Kericho County,1.0,104.0,1282.0,0.0,66.0,814.0,77.0,6,1282.0,0.0
Kiambu County,37.0,465.0,12153.0,349.0,1173.0,5036.0,0.0,6,12502.0,0.027915533514637658
Kilifi County,0.0,281.0,0.0,250.0,510.0,4778.0,0.0,6,250.0,1.0
Kirinyaga County,3.0,102.0,4403.0,62.0,187.0,2148.0,0.0,6,4465.0,0.013885778275475923
Kisii County,0.0,0.0,5417.0,0.0,0.0,2141.0,31.0,6,5417.0,0.0
Kisumu County,38.0,853.0,17986.0,0.0,754.0,4049.0,265.0,6,17986.0,0.0
Kitui County,15.0,163.0,0.0,156.0,184.0,0.0,0.0,6,156.0,1.0
Kwale County,4.0,113.0,0.0,0.0,752.0,0.0,210.0,6,0.0,0.0
Laikipia County,4.0,0.0,0.0,0.0,0.0,0.0,31.0,6,0.0,0.0
Lamu County,0.0,0.0,0.0,14.0,0.0,0.0,11.0,6,14.0,1.0
Machakos County,14.0,0.0,5383.0,182.0,204.0,2115.0,184.0,6,5565.0,0.03270440251572327
Mandera County,0.0,6.0,0.0,4.0,0.0,481.0,2.0,6,4.0,1.0
Marsabit County,0.0,0.0,0.0,9.0,0.0,0.0,2.0,6,9.0,1.0
Meru County,0.0,144.0,2793.0,0.0,158.0,1784.0,118.0,6,2793.0,0.0
Migori County,15.0,716.0,20906.0,618.0,0.0,8472.0,110.0,6,21524.0,0.028712135290838135
Mombasa County,28.0,0.0,18472.0,453.0,0.0,0.0,0.0,6,18925.0,0.02393659180977543
Muranga County,8.0,113.0,0.0,77.0,234.0,0.0,208.0,6,77.0,1.0
Nairobi County,0.0,0.0,33977.0,0.0,1846.0,13852.0,0.0,6,33977.0,0.0
Nakuru County,43.0,0.0,0.0,0.0,0.0,0.0,520.0,6,0.0,0.0
Narok County,7.0,0.0,0.0,0.0,0.0,0.0,0.0,6,0.0,0.0
Nyamira County,0.0,0.0,0.0,155.0,228.0,0.0,0.0,6,155.0,1.0
Nyandarua County,5.0,0.0,0.0,0.0,0.0,0.0,0.0,6,0.0,0.0
Nyeri County,0.0,119.0,0.0,95.0,344.0,1595.0,10.0,6,95.0,1.0
Samburu County,12.0,0.0,0.0,47.0,38.0,0.0,38.0,6,47.0,1.0
Siaya County,0.0,0.0,16526.0,603.0,0.0,2564.0,361.0,6,17129.0,0.03520345612703602
Taita Taveta County,9.0,0.0,0.0,0.0,0.0,0.0,0.0,6,0.0,0.0
Tana River County,1.0,0.0,1642.0,0.0,0.0,0.0,56.0,6,1642.0,0.0
Tharaka Nithi County,4.0,0.0,1797.0,0.0,0.0,886.0,0.0,6,1797.0,0.0
Trans Nzoia County,26.0,0.0,3864.0,0.0,188.0,0.0,0.0,6,3864.0,0.0
Turkana County,10.0,148.0,11877.0,140.0,0.0,5564.0,793.0,6,12017.0,0.011650162270117333
Uasin Gishu County,3.0,0.0,4776.0,197.0,0.0,2085.0,0.0,6,4973.0,0.039613915141765536
Vihiga County,5.0,0.0,2560.0,112.0,120.0,1270.0,0.0,6,2672.0,0.041916167664670656
Wajir County,0.0,0.0,938.0,0.0,9.0,638.0,25.0,6,938.0,0.0
West Pokot County,1.0,71.0,0.0,0.0,0.0,0.0,46.0,6,0.0,0.0
Baringo County,7.0,46.0,0.0,72.0,0.0,0.0,0.0,7,72.0,1.0
Bomet County,11.0,0.0,3484.0,107.0,0.0,0.0,111.0,7,3591.0,0.02979671400724032
Bungoma County,16.0,288.0,5254.0,0.0,0.0,3222.0,84.0,7,5254.0,0.0
Busia County,10.0,0.0,0.0,203.0,151.0,1595.0,123.0,7,203.0,1.0
Elgeyo Marakwet County,0.0,0.0,703.0,0.0,0.0,0.0,8.0,7,703.0,0.0
Embu County,3.0,0.0,0.0,99.0,132.0,0.0,48.0,7,99.0,1.0
Garissa County,2.0,0.0,1393.0,0.0,0.0,1065.0,0.0,7,1393.0,0.0
Homa Bay County,66.0,0.0,17489.0,0.0,827.0,0.0,0.0,7,17489.0,0.0
Isiolo County,0.0,0.0,0.0,10.0,25.0,0.0,1.0,7,10.0,1.0
Kajiado County,5.0,148.0,0.0,0.0,0.0,0.0,0.0,7,0.0,0.0
Kakamega County,15.0,0.0,0.0,0.0,218.0,0.0,86.0,7,0.0,0.0
Kericho County,4.0,108.0,2749.0,0.0,153.0,1534.0,53.0,7,2749.0,0.0
Kiambu County,18.0,408.0,16069.0,389.0,1197.0,6759.0,0.0,7,16458.0,0.02363592174018714
Kilifi County,0.0,218.0,0.0,231.0,848.0,4771.0,0.0,7,231.0,1.0
Kirinyaga County,5.0,84.0,7213.0,98.0,254.0,3719.0,0.0,7,7311.0,0.01340445903433183
Kisii County,0.0,0.0,7150.0,0.0,0.0,2813.0,140.0,7,7150.0,0.0
Kisumu County,37.0,729.0,15649.0,0.0,635.0,3465.0,394.0,7,15649.0,0.0
Kitui County,11.0,140.0,0.0,172.0,177.0,0.0,0.0,7,172.0,1.0
Kwale County,138.0,107.0,0.0,0.0,604.0,0.0,9.0,7,0.0,0.0
Laikipia County,12.0,0.0,0.0,0.0,0.0,0.0,9.0,7,0.0,0.0
Lamu County,0.0,0.0,0.0,9.0,0.0,0.0,12.0,7,9.0,1.0
Machakos County,16.0,0.0,8568.0,223.0,261.0,3605.0,153.0,7,8791.0,0.02536685246274599
Mandera County,0.0,2.0,0.0,2.0,0.0,606.0,5.0,7,2.0,1.0
Marsabit County,2.0,0.0,0.0,14.0,0.0,0.0,0.0,7,14.0,1.0
Meru County,0.0,211.0,6248.0,0.0,336.0,3909.0,51.0,7,6248.0,0.0
Migori County,149.0,576.0,20924.0,563.0,0.0,8399.0,69.0,7,21487.0,0.026201889514590217
Mombasa County,15.0,0.0,15398.0,385.0,0.0,0.0,0.0,7,15783.0,0.024393334600519546
Muranga County,7.0,131.0,0.0,89.0,318.0,0.0,112.0,7,89.0,1.0
Nairobi County,0.0,0.0,37732.0,0.0,2353.0,15724.0,0.0,7,37732.0,0.0
Nakuru County,21.0,0.0,0.0,0.0,0.0,0.0,197.0,7,0.0,0.0
Narok County,4.0,0.0,0.0,0.0,0.0,0.0,0.0,7,0.0,0.0
Nyamira County,0.0,0.0,0.0,176.0,235.0,0.0,0.0,7,176.0,1.0
Nyandarua County,2.0,0.0,0.0,0.0,0.0,0.0,0.0,7,0.0,0.0
Nyeri County,0.0,114.0,0.0,122.0,325.0,1897.0,0.0,7,122.0,1.0
Samburu County,6.0,0.0,0.0,64.0,51.0,0.0,56.0,7,64.0,1.0
Siaya County,0.0,0.0,9705.0,433.0,0.0,1731.0,184.0,7,10138.0,0.042710593805484316
Taita Taveta County,4.0,0.0,0.0,0.0,0.0,0.0,0.0,7,0.0,0.0
Tana River County,1.0,0.0,1531.0,0.0,0.0,0.0,29.0,7,1531.0,0.0
Tharaka Nithi County,2.0,0.0,2543.0,0.0,0.0,1164.0,0.0,7,2543.0,0.0
Trans Nzoia County,12.0,0.0,3398.0,0.0,171.0,0.0,0.0,7,3398.0,0.0
Turkana County,15.0,187.0,11295.0,124.0,0.0,5233.0,812.0,7,11419.0,0.010859094491636747
Uasin Gishu County,13.0,0.0,7380.0,263.0,0.0,2825.0,0.0,7,7643.0,0.03441057176501374
Vihiga County,19.0,0.0,3428.0,122.0,176.0,1833.0,0.0,7,3550.0,0.03436619718309859
Wajir County,0.0,0.0,895.0,0.0,8.0,562.0,0.0,7,895.0,0.0
West Pokot County,3.0,60.0,0.0,0.0,0.0,0.0,17.0,7,0.0,0.0
Baringo County,2.0,34.0,0.0,60.0,0.0,0.0,0.0,8,60.0,1.0
Bomet County,8.0,0.0,3650.0,93.0,0.0,0.0,70.0,8,3743.0,0.024846379909163774
Bungoma County,18.0,279.0,6054.0,0.0,0.0,2496.0,581.0,8,6054.0,0.0
Busia County,6.0,0.0,0.0,217.0,151.0,1933.0,972.0,8,217.0,1.0
Elgeyo Marakwet County,1.0,0.0,1387.0,0.0,0.0,0.0,57.0,8,1387.0,0.0
Embu County,1.0,0.0,0.0,77.0,121.0,0.0,90.0,8,77.0,1.0
Garissa County,1.0,0.0,1082.0,0.0,0.0,786.0,0.0,8,1082.0,0.0
Homa Bay County,264.0,0.0,19098.0,0.0,902.0,0.0,0.0,8,19098.0,0.0
Isiolo County,0.0,0.0,0.0,14.0,18.0,0.0,72.0,8,14.0,1.0
Kajiado County,20.0,158.0,0.0,0.0,0.0,0.0,0.0,8,0.0,0.0
Kakamega County,5.0,0.0,0.0,0.0,120.0,0.0,453.0,8,0.0,0.0
Kericho County,8.0,114.0,2638.0,0.0,149.0,1513.0,313.0,8,2638.0,0.0
Kiambu County,27.0,387.0,16111.0,377.0,1263.0,7503.0,0.0,8,16488.0,0.022865114022319263
Kilifi County,0.0,219.0,0.0,266.0,538.0,4500.0,0.0,8,266.0,1.0
Kirinyaga County,1.0,83.0,7317.0,73.0,294.0,4149.0,0.0,8,7390.0,0.009878213802435724
Kisii County,0.0,0.0,6592.0,0.0,0.0,3003.0,1142.0,8,6592.0,0.0
Kisumu County,17.0,766.0,13064.0,0.0,670.0,3010.0,3058.0,8,13064.0,0.0
Kitui County,11.0,158.0,0.0,163.0,240.0,0.0,0.0,8,163.0,1.0
Kwale County,20.0,75.0,0.0,0.0,546.0,0.0,6.0,8,0.0,0.0
Laikipia County,7.0,0.0,0.0,0.0,0.0,0.0,257.0,8,0.0,0.0
Lamu County,0.0,0.0,0.0,13.0,0.0,0.0,167.0,8,13.0,1.0
Machakos County,16.0,0.0,9175.0,229.0,278.0,3417.0,118.0,8,9404.0,0.02435133985538069
Mandera County,0.0,6.0,0.0,9.0,0.0,577.0,7.0,8,9.0,1.0
Marsabit County,1.0,0.0,0.0,16.0,0.0,0.0,15.0,8,16.0,1.0
Meru County,0.0,164.0,6815.0,0.0,343.0,4293.0,268.0,8,6815.0,0.0
Migori County,72.0,554.0,21865.0,550.0,0.0,8984.0,981.0,8,22415.0,0.024537140307829577
Mombasa County,20.0,0.0,14641.0,428.0,0.0,0.0,0.0,8,15069.0,0.028402681000729974
Muranga County,7.0,98.0,0.0,97.0,347.0,0.0,247.0,8,97.0,1.0
Nairobi County,0.0,0.0,42852.0,0.0,2613.0,17429.0,0.0,8,42852.0,0.0
Nakuru County,26.0,0.0,0.0,0.0,0.0,0.0,1053.0,8,0.0,0.0
Narok County,9.0,0.0,0.0,0.0,0.0,0.0,0.0,8,0.0,0.0
Nyamira County,0.0,0.0,0.0,136.0,281.0,0.0,0.0,8,136.0,1.0
Nyandarua County,13.0,0.0,0.0,0.0,0.0,0.0,0.0,8,0.0,0.0
Nyeri County,0.0,89.0,0.0,111.0,289.0,1345.0,259.0,8,111.0,1.0
Samburu County,0.0,0.0,0.0,33.0,22.0,0.0,64.0,8,33.0,1.0
Siaya County,0.0,0.0,7226.0,353.0,0.0,1209.0,1249.0,8,7579.0,0.04657606544398997
Taita Taveta County,3.0,0.0,0.0,0.0,0.0,0.0,0.0,8,0.0,0.0
Tana River County,1.0,0.0,1178.0,0.0,0.0,0.0,35.0,8,1178.0,0.0
Tharaka Nithi County,1.0,0.0,3216.0,0.0,0.0,1400.0,0.0,8,3216.0,0.0
Trans Nzoia County,11.0,0.0,3073.0,0.0,102.0,0.0,0.0,8,3073.0,0.0
Turkana County,19.0,170.0,21416.0,281.0,0.0,9722.0,635.0,8,21697.0,0.012951099230308337
Uasin Gishu County,9.0,0.0,7331.0,250.0,0.0,2618.0,0.0,8,7581.0,0.032977179791584224
Vihiga County,4.0,0.0,3513.0,100.0,162.0,1735.0,0.0,8,3613.0,0.027677830058123444
Wajir County,0.0,0.0,766.0,0.0,7.0,616.0,0.0,8,766.0,0.0
West Pokot County,3.0,80.0,0.0,0.0,0.0,0.0,96.0,8,0.0,0.0
Baringo County,3.0,37.0,0.0,72.0,0.0,0.0,0.0,9,72.0,1.0
Bomet County,4.0,0.0,4511.0,132.0,0.0,0.0,61.0,9,4643.0,0.0284298944647857
Bungoma County,13.0,275.0,6145.0,0.0,0.0,3378.0,895.0,9,6145.0,0.0
Busia County,6.0,0.0,0.0,173.0,188.0,1982.0,1352.0,9,173.0,1.0
Elgeyo Marakwet County,0.0,0.0,1230.0,0.0,0.0,0.0,157.0,9,1230.0,0.0
Embu County,2.0,0.0,0.0,88.0,114.0,0.0,205.0,9,88.0,1.0
Garissa County,2.0,0.0,1485.0,0.0,0.0,1088.0,0.0,9,1485.0,0.0
Homa Bay County,39.0,0.0,12190.0,0.0,643.0,0.0,0.0,9,12190.0,0.0
Isiolo County,1.0,0.0,0.0,36.0,26.0,0.0,217.0,9,36.0,1.0
Kajiado County,10.0,198.0,0.0,0.0,0.0,0.0,0.0,9,0.0,0.0
Kakamega County,17.0,0.0,0.0,0.0,252.0,0.0,1047.0,9,0.0,0.0
Kericho County,6.0,112.0,2908.0,0.0,154.0,1719.0,3180.0,9,2908.0,0.0
Kiambu County,28.0,345.0,16653.0,333.0,1192.0,7338.0,0.0,9,16986.0,0.019604380077711057
Kilifi County,0.0,260.0,0.0,344.0,474.0,5778.0,0.0,9,344.0,1.0
Kirinyaga County,7.0,57.0,7968.0,86.0,285.0,4402.0,0.0,9,8054.0,0.010677924012912838
Kisii County,0.0,0.0,6620.0,0.0,0.0,2909.0,2617.0,9,6620.0,0.0
Kisumu County,9.0,759.0,13444.0,0.0,532.0,2971.0,3009.0,9,13444.0,0.0
Kitui County,5.0,159.0,0.0,116.0,187.0,0.0,0.0,9,116.0,1.0
Kwale County,6.0,100.0,0.0,0.0,672.0,0.0,346.0,9,0.0,0.0
Laikipia County,7.0,0.0,0.0,0.0,0.0,0.0,584.0,9,0.0,0.0
Lamu County,1.0,0.0,0.0,17.0,0.0,0.0,362.0,9,17.0,1.0
Machakos County,16.0,0.0,8078.0,204.0,225.0,3530.0,315.0,9,8282.0,0.02463173146582951
Mandera County,0.0,7.0,0.0,8.0,0.0,446.0,13.0,9,8.0,1.0
Marsabit County,0.0,0.0,0.0,10.0,0.0,0.0,41.0,9,10.0,1.0
Meru County,0.0,179.0,6694.0,0.0,383.0,4003.0,500.0,9,6694.0,0.0
Migori County,17.0,566.0,18349.0,409.0,0.0,6761.0,1851.0,9,18758.0,0.02180403028041369
Mombasa County,24.0,0.0,16115.0,417.0,0.0,0.0,0.0,9,16532.0,0.025223808371642873
Muranga County,3.0,72.0,0.0,103.0,400.0,0.0,372.0,9,103.0,1.0
Nairobi County,0.0,0.0,47738.0,0.0,2584.0,18222.0,0.0,9,47738.0,0.0
Nakuru County,28.0,0.0,0.0,0.0,0.0,0.0,1354.0,9,0.0,0.0
Narok County,6.0,0.0,0.0,0.0,0.0,0.0,0.0,9,0.0,0.0
Nyamira County,0.0,0.0,0.0,99.0,284.0,0.0,0.0,9,99.0,1.0
Nyandarua County,7.0,0.0,0.0,0.0,0.0,0.0,0.0,9,0.0,0.0
Nyeri County,0.0,112.0,0.0,93.0,305.0,2417.0,536.0,9,93.0,1.0
Samburu County,1.0,0.0,0.0,38.0,42.0,0.0,42.0,9,38.0,1.0
Siaya County,0.0,0.0,11676.0,440.0,0.0,1703.0,1853.0,9,12116.0,0.036315615714757346
Taita Taveta County,8.0,0.0,0.0,0.0,0.0,0.0,0.0,9,0.0,0.0
Tana River County,0.0,0.0,1528.0,0.0,0.0,0.0,25.0,9,1528.0,0.0
Tharaka Nithi County,3.0,0.0,3621.0,0.0,0.0,1215.0,0.0,9,3621.0,0.0
Trans Nzoia County,19.0,0.0,3618.0,0.0,115.0,0.0,0.0,9,3618.0,0.0
Turkana County,28.0,213.0,23731.0,245.0,0.0,9830.0,1027.0,9,23976.0,0.010218551885218552
Uasin Gishu County,5.0,0.0,8611.0,285.0,0.0,2786.0,0.0,9,8896.0,0.032036870503597124
Vihiga County,6.0,0.0,3899.0,104.0,175.0,1518.0,0.0,9,4003.0,0.025980514614039472
Wajir County,0.0,0.0,971.0,0.0,9.0,728.0,0.0,9,971.0,0.0
West Pokot County,0.0,70.0,0.0,0.0,0.0,0.0,429.0,9,0.0,0.0
Baringo County,3.0,71.0,0.0,58.0,0.0,0.0,0.0,10,58.0,1.0
Bomet County,6.0,0.0,5069.0,94.0,0.0,0.0,103.0,10,5163.0,0.01820646910710827
Bungoma County,6.0,265.0,3097.0,0.0,0.0,1891.0,534.0,10,3097.0,0.0
Busia County,6.0,0.0,0.0,147.0,144.0,1432.0,823.0,10,147.0,1.0
Elgeyo Marakwet County,3.0,0.0,1149.0,0.0,0.0,0.0,55.0,10,1149.0,0.0
Embu County,0.0,0.0,0.0,45.0,56.0,0.0,82.0,10,45.0,1.0
Garissa County,0.0,0.0,896.0,0.0,0.0,784.0,0.0,10,896.0,0.0
Homa Bay County,64.0,0.0,14023.0,0.0,757.0,0.0,0.0,10,14023.0,0.0
Isiolo County,0.0,0.0,0.0,9.0,21.0,0.0,203.0,10,9.0,1.0
Kajiado County,11.0,161.0,0.0,0.0,0.0,0.0,0.0,10,0.0,0.0
Kakamega County,15.0,0.0,0.0,0.0,183.0,0.0,659.0,10,0.0,0.0
Kericho County,5.0,114.0,2582.0,0.0,136.0,1462.0,843.0,10,2582.0,0.0
Kiambu County,75.0,354.0,14696.0,353.0,1206.0,6324.0,0.0,10,15049.0,0.023456708086916075
Kilifi County,0.0,243.0,0.0,274.0,472.0,4983.0,0.0,10,274.0,1.0
Kirinyaga County,3.0,64.0,6396.0,79.0,224.0,3006.0,0.0,10,6475.0,0.012200772200772201
Kisii County,0.0,0.0,6088.0,0.0,0.0,2824.0,2927.0,10,6088.0,0.0
Kisumu County,20.0,712.0,12044.0,0.0,540.0,3250.0,3623.0,10,12044.0,0.0
Kitui County,9.0,176.0,0.0,159.0,201.0,0.0,0.0,10,159.0,1.0
Kwale County,10.0,93.0,0.0,0.0,543.0,0.0,192.0,10,0.0,0.0
Laikipia County,4.0,0.0,0.0,0.0,0.0,0.0,355.0,10,0.0,0.0
Lamu County,0.0,0.0,0.0,15.0,0.0,0.0,99.0,10,15.0,1.0
Machakos County,15.0,0.0,8191.0,208.0,345.0,3544.0,348.0,10,8399.0,0.02476485295868556
Mandera County,0.0,3.0,0.0,4.0,0.0,882.0,15.0,10,4.0,1.0
Marsabit County,0.0,0.0,0.0,12.0,0.0,0.0,6.0,10,12.0,1.0
Meru County,0.0,237.0,5589.0,0.0,329.0,3554.0,224.0,10,5589.0,0.0
Migori County,22.0,521.0,19836.0,517.0,0.0,7585.0,1916.0,10,20353.0,0.02540166068884194
Mombasa County,25.0,0.0,14140.0,426.0,0.0,0.0,0.0,10,14566.0,0.029246189756968282
Muranga County,4.0,102.0,0.0,108.0,370.0,0.0,337.0,10,108.0,1.0
Nairobi County,0.0,0.0,43020.0,0.0,2376.0,16911.0,0.0,10,43020.0,0.0
Nakuru County,20.0,0.0,0.0,0.0,0.0,0.0,1307.0,10,0.0,0.0
Narok County,16.0,0.0,0.0,0.0,0.0,0.0,0.0,10,0.0,0.0
Nyamira County,0.0,0.0,0.0,183.0,262.0,0.0,0.0,10,183.0,1.0
Nyandarua County,5.0,0.0,0.0,0.0,0.0,0.0,0.0,10,0.0,0.0
Nyeri County,0.0,86.0,0.0,109.0,275.0,2166.0,880.0,10,109.0,1.0
Samburu County,0.0,0.0,0.0,34.0,37.0,0.0,54.0,10,34.0,1.0
Siaya County,0.0,0.0,12274.0,495.0,0.0,2221.0,2950.0,10,12769.0,0.0387657608270029
Taita Taveta County,4.0,0.0,0.0,0.0,0.0,0.0,0.0,10,0.0,0.0
Tana River County,1.0,0.0,1528.0,0.0,0.0,0.0,59.0,10,1528.0,0.0
Tharaka Nithi County,1.0,0.0,2279.0,0.0,0.0,1184.0,0.0,10,2279.0,0.0
Trans Nzoia County,13.0,0.0,2135.0,0.0,102.0,0.0,0.0,10,2135.0,0.0
Turkana County,6.0,220.0,12324.0,135.0,0.0,5078.0,625.0,10,12459.0,0.010835540573079701
Uasin Gishu County,4.0,0.0,7502.0,248.0,0.0,2469.0,0.0,10,7750.0,0.032
Vihiga County,4.0,0.0,2776.0,108.0,160.0,1242.0,0.0,10,2884.0,0.03744798890429958
Wajir County,0.0,0.0,768.0,0.0,4.0,687.0,0.0,10,768.0,0.0
West Pokot County,0.0,67.0,0.0,0.0,0.0,0.0,481.0,10,0.0,0.0
Baringo County,0.0,48.0,0.0,57.0,0.0,0.0,0.0,11,57.0,1.0
Bomet County,53.0,0.0,5017.0,98.0,0.0,0.0,7.0,11,5115.0,0.019159335288367548
Bungoma County,1.0,194.0,1814.0,0.0,0.0,1022.0,177.0,11,1814.0,0.0
Busia County,9.0,0.0,0.0,154.0,90.0,968.0,912.0,11,154.0,1.0
Elgeyo Marakwet County,0.0,0.0,1056.0,0.0,0.0,0.0,38.0,11,1056.0,0.0
Embu County,2.0,0.0,0.0,89.0,112.0,0.0,54.0,11,89.0,1.0
Garissa County,0.0,0.0,910.0,0.0,0.0,594.0,0.0,11,910.0,0.0
Homa Bay County,53.0,0.0,17542.0,0.0,867.0,0.0,0.0,11,17542.0,0.0
Isiolo County,0.0,0.0,0.0,10.0,10.0,0.0,63.0,11,10.0,1.0
Kajiado County,6.0,162.0,0.0,0.0,0.0,0.0,0.0,11,0.0,0.0
Kakamega County,9.0,0.0,0.0,0.0,114.0,0.0,602.0,11,0.0,0.0
Kericho County,3.0,143.0,2895.0,0.0,136.0,1812.0,559.0,11,2895.0,0.0
Kiambu County,23.0,364.0,15839.0,382.0,1170.0,5952.0,0.0,11,16221.0,0.02354971949941434
Kilifi County,0.0,270.0,0.0,238.0,298.0,4109.0,0.0,11,238.0,1.0
Kirinyaga County,4.0,54.0,6120.0,102.0,226.0,2966.0,0.0,11,6222.0,0.01639344262295082
Kisii County,0.0,0.0,4931.0,0.0,0.0,2761.0,3152.0,11,4931.0,0.0
Kisumu County,37.0,593.0,12275.0,0.0,516.0,3103.0,5356.0,11,12275.0,0.0
Kitui County,42.0,181.0,0.0,180.0,188.0,0.0,0.0,11,180.0,1.0
Kwale County,8.0,100.0,0.0,0.0,430.0,0.0,213.0,11,0.0,0.0
Laikipia County,5.0,0.0,0.0,0.0,0.0,0.0,236.0,11,0.0,0.0
Lamu County,2.0,0.0,0.0,14.0,0.0,0.0,220.0,11,14.0,1.0
Machakos County,25.0,0.0,8467.0,215.0,306.0,3746.0,640.0,11,8682.0,0.024763879290486065
Mandera County,0.0,6.0,0.0,6.0,0.0,792.0,0.0,11,6.0,1.0
Marsabit County,0.0,0.0,0.0,6.0,0.0,0.0,19.0,11,6.0,1.0
Meru County,0.0,182.0,5469.0,0.0,291.0,2857.0,236.0,11,5469.0,0.0
Migori County,20.0,522.0,19108.0,570.0,0.0,7652.0,3444.0,11,19678.0,0.028966358369753024
Mombasa County,25.0,0.0,14987.0,447.0,0.0,0.0,0.0,11,15434.0,0.02896203187767267
Muranga County,8.0,61.0,0.0,98.0,307.0,0.0,741.0,11,98.0,1.0
Nairobi County,0.0,0.0,47230.0,0.0,2489.0,17826.0,0.0,11,47230.0,0.0
Nakuru County,14.0,0.0,0.0,0.0,0.0,0.0,817.0,11,0.0,0.0
Narok County,4.0,0.0,0.0,0.0,0.0,0.0,0.0,11,0.0,0.0
Nyamira County,0.0,0.0,0.0,159.0,148.0,0.0,0.0,11,159.0,1.0
Nyandarua County,7.0,0.0,0.0,0.0,0.0,0.0,0.0,11,0.0,0.0
Nyeri County,0.0,79.0,0.0,103.0,147.0,1015.0,1528.0,11,103.0,1.0
Samburu County,3.0,0.0,0.0,24.0,32.0,0.0,7.0,11,24.0,1.0
Siaya County,0.0,0.0,6293.0,498.0,0.0,1847.0,6278.0,11,6791.0,0.07333235164187896
Taita Taveta County,0.0,0.0,0.0,0.0,0.0,0.0,0.0,11,0.0,0.0
Tana River County,0.0,0.0,1367.0,0.0,0.0,0.0,112.0,11,1367.0,0.0
Tharaka Nithi County,3.0,0.0,3406.0,0.0,0.0,1926.0,0.0,11,3406.0,0.0
Trans Nzoia County,2.0,0.0,1369.0,0.0,102.0,0.0,0.0,11,1369.0,0.0
Turkana County,16.0,288.0,12413.0,104.0,0.0,5353.0,2445.0,11,12517.0,0.00830870016777183
Uasin Gishu County,4.0,0.0,5652.0,213.0,0.0,2027.0,0.0,11,5865.0,0.03631713554987212
Vihiga County,9.0,0.0,2834.0,119.0,89.0,1601.0,0.0,11,2953.0,0.040298002031832036
Wajir County,2.0,0.0,858.0,0.0,9.0,684.0,0.0,11,858.0,0.0
West Pokot County,1.0,56.0,0.0,0.0,0.0,0.0,302.0,11,0.0,0.0
Baringo County,0.0,50.0,0.0,58.0,0.0,0.0,0.0,12,58.0,1.0
Bomet County,3.0,0.0,5817.0,74.0,0.0,0.0,22.0,12,5891.0,0.012561534544219996
Bungoma County,4.0,236.0,2402.0,0.0,0.0,1406.0,163.0,12,2402.0,0.0
Busia County,5.0,0.0,0.0,123.0,154.0,894.0,341.0,12,123.0,1.0
Elgeyo Marakwet County,0.0,0.0,611.0,0.0,0.0,0.0,18.0,12,611.0,0.0
Embu County,1.0,0.0,0.0,68.0,148.0,0.0,51.0,12,68.0,1.0
Garissa County,0.0,0.0,463.0,0.0,0.0,405.0,0.0,12,463.0,0.0
Homa Bay County,55.0,0.0,10981.0,0.0,586.0,0.0,0.0,12,10981.0,0.0
Isiolo County,0.0,0.0,0.0,3.0,8.0,0.0,10.0,12,3.0,1.0
Kajiado County,10.0,151.0,0.0,0.0,0.0,0.0,0.0,12,0.0,0.0
Kakamega County,23.0,0.0,0.0,0.0,170.0,0.0,306.0,12,0.0,0.0
Kericho County,5.0,122.0,2842.0,0.0,181.0,1473.0,207.0,12,2842.0,0.0
Kiambu County,12.0,351.0,12399.0,252.0,1023.0,5156.0,0.0,12,12651.0,0.019919373962532606
Kilifi County,0.0,319.0,0.0,143.0,362.0,3811.0,0.0,12,143.0,1.0
Kirinyaga County,4.0,66.0,4862.0,61.0,187.0,2851.0,0.0,12,4923.0,0.012390818606540727
Kisii County,0.0,0.0,5326.0,0.0,0.0,2177.0,1526.0,12,5326.0,0.0
Kisumu County,21.0,529.0,13000.0,0.0,544.0,2866.0,2407.0,12,13000.0,0.0
Kitui County,15.0,114.0,0.0,127.0,120.0,0.0,0.0,12,127.0,1.0
Kwale County,3.0,74.0,0.0,0.0,361.0,0.0,150.0,12,0.0,0.0
Laikipia County,1.0,0.0,0.0,0.0,0.0,0.0,193.0,12,0.0,0.0
Lamu County,0.0,0.0,0.0,15.0,0.0,0.0,328.0,12,15.0,1.0
Machakos County,13.0,0.0,5640.0,170.0,191.0,2711.0,239.0,12,5810.0,0.029259896729776247
Mandera County,0.0,6.0,0.0,1.0,0.0,421.0,56.0,12,1.0,1.0
Marsabit County,0.0,0.0,0.0,2.0,0.0,0.0,6.0,12,2.0,1.0
Meru County,0.0,167.0,7567.0,0.0,312.0,3970.0,363.0,12,7567.0,0.0
Migori County,32.0,389.0,14084.0,339.0,0.0,5513.0,2363.0,12,14423.0,0.023504125355335227
Mombasa County,22.0,0.0,11805.0,238.0,0.0,0.0,0.0,12,12043.0,0.01976251764510504
Muranga County,5.0,74.0,0.0,103.0,360.0,0.0,789.0,12,103.0,1.0
Nairobi County,0.0,0.0,33621.0,0.0,2160.0,13110.0,0.0,12,33621.0,0.0
Nakuru County,23.0,0.0,0.0,0.0,0.0,0.0,405.0,12,0.0,0.0
Narok County,2.0,0.0,0.0,0.0,0.0,0.0,0.0,12,0.0,0.0
Nyamira County,0.0,0.0,0.0,156.0,168.0,0.0,0.0,12,156.0,1.0
Nyandarua County,7.0,0.0,0.0,0.0,0.0,0.0,0.0,12,0.0,0.0
Nyeri County,0.0,92.0,0.0,90.0,192.0,1061.0,1033.0,12,90.0,1.0
Samburu County,1.0,0.0,0.0,11.0,10.0,0.0,13.0,12,11.0,1.0
Siaya County,0.0,0.0,8710.0,499.0,0.0,1526.0,4538.0,12,9209.0,0.054186122271690736
Taita Taveta County,0.0,0.0,0.0,0.0,0.0,0.0,0.0,12,0.0,0.0
Tana River County,0.0,0.0,879.0,0.0,0.0,0.0,65.0,12,879.0,0.0
Tharaka Nithi County,0.0,0.0,2951.0,0.0,0.0,995.0,0.0,12,2951.0,0.0
Trans Nzoia County,1.0,0.0,1153.0,0.0,115.0,0.0,0.0,12,1153.0,0.0
Turkana County,15.0,346.0,9851.0,87.0,0.0,4225.0,1985.0,12,9938.0,0.008754276514389214
Uasin Gishu County,2.0,0.0,3566.0,126.0,0.0,1300.0,0.0,12,3692.0,0.03412784398699892
Vihiga County,14.0,0.0,2759.0,136.0,160.0,1471.0,0.0,12,2895.0,0.04697754749568221
Wajir County,0.0,0.0,711.0,0.0,6.0,550.0,0.0,12,711.0,0.0
West Pokot County,1.0,50.0,0.0,0.0,0.0,0.0,44.0,12,0.0,0.0
